config,adjusted_edge_jaccard,division_jaccard,proxy_score,div_tp,div_fp,div_fn,missed_gt_nodes,spurious_pred_nodes,edges_recovered,edges_fragmented,edges_lost_to_detection,wrong_association_edges,n_samples,seconds,prefix_proxy,overrides
ep015,0.9391861967544098,0.21428571428571427,0.9606147681829813,3,2,9,99,174790,5512,118,121,0,8,321.99136757850647,"{""44b6"": 0.9124639977664686, ""6bba"": 0.9779761943808941}","{""OUTPUT_MIN_EDGE_PROB"": 0.15}"
ep010,0.9391861967544098,0.21428571428571427,0.9606147681829813,3,2,9,99,174790,5512,118,121,0,8,326.0214333534241,"{""44b6"": 0.9124639977664686, ""6bba"": 0.9779761943808941}","{""OUTPUT_MIN_EDGE_PROB"": 0.1}"
ep020,0.9391861967544098,0.21428571428571427,0.9606147681829813,3,2,9,99,174790,5512,118,121,0,8,323.7981286048889,"{""44b6"": 0.9124639977664686, ""6bba"": 0.9779761943808941}","{""OUTPUT_MIN_EDGE_PROB"": 0.2}"
ep_cx,0.9391861967544098,0.21428571428571427,0.9606147681829813,3,2,9,99,174790,5512,118,121,0,8,323.56871366500854,"{""44b6"": 0.9124639977664686, ""6bba"": 0.9779761943808941}","{""COUNT_EXCESS_FRAC"": 0.06, ""OUTPUT_MIN_EDGE_PROB"": 0.15}"
prune_pack,0.9391861967544098,0.21428571428571427,0.9606147681829813,3,2,9,99,174790,5512,118,121,0,8,323.36019563674927,"{""44b6"": 0.9124639977664686, ""6bba"": 0.9779761943808941}","{""COUNT_EXCESS_FRAC"": 0.06, ""LEAF_PRUNE_MIN_EDGE_PROB"": 0.3, ""OUTPUT_MIN_EDGE_PROB"": 0.15, ""SEG_PRUNE_MAX_LEN"": 4, ""SEG_PRUNE_MIN_PROB"": 0.35}"
cx03,0.9349612915264757,0.21428571428571427,0.9563898629550471,3,2,9,59,179404,5556,120,75,0,8,325.24001383781433,"{""44b6"": 0.9247372449342102, ""6bba"": 0.9679199193904503}","{""COUNT_EXCESS_FRAC"": 0.03}"
leaf_seg,0.9343461461627837,0.21428571428571427,0.9557747175913551,3,2,9,56,180086,5558,124,69,1,8,325.13094186782837,"{""44b6"": 0.9205899427621751, ""6bba"": 0.9686027885475951}","{""LEAF_PRUNE_MIN_EDGE_PROB"": 0.3, ""SEG_PRUNE_MAX_LEN"": 4, ""SEG_PRUNE_MIN_PROB"": 0.35}"
leaf040,0.9343450428942192,0.21428571428571427,0.9557736143227906,3,2,9,56,180091,5558,124,69,1,8,323.54182147979736,"{""44b6"": 0.92058574485693, ""6bba"": 0.9686027885475951}","{""LEAF_PRUNE_MIN_EDGE_PROB"": 0.4}"
leaf030,0.9343450428942192,0.21428571428571427,0.9557736143227906,3,2,9,56,180091,5558,124,69,1,8,326.21166014671326,"{""44b6"": 0.92058574485693, ""6bba"": 0.9686027885475951}","{""LEAF_PRUNE_MIN_EDGE_PROB"": 0.3}"
seg035L4,0.9340615374432633,0.21428571428571427,0.9554901088718347,3,2,9,54,180917,5560,124,67,1,8,325.7500870227814,"{""44b6"": 0.9209620874979462, ""6bba"": 0.9680813600662586}","{""SEG_PRUNE_MAX_LEN"": 4, ""SEG_PRUNE_MIN_PROB"": 0.35}"
seg040L6,0.9340615374432633,0.21428571428571427,0.9554901088718347,3,2,9,54,180917,5560,124,67,1,8,326.04822850227356,"{""44b6"": 0.9209620874979462, ""6bba"": 0.9680813600662586}","{""SEG_PRUNE_MAX_LEN"": 6, ""SEG_PRUNE_MIN_PROB"": 0.4}"
seg030L3,0.9340608729665973,0.21428571428571427,0.9554894443951688,3,2,9,54,180920,5560,124,67,1,8,323.1211051940918,"{""44b6"": 0.9209595587597865, ""6bba"": 0.9680813600662586}","{""SEG_PRUNE_MAX_LEN"": 3, ""SEG_PRUNE_MIN_PROB"": 0.3}"
base,0.9340604299821533,0.21428571428571427,0.9554890014107248,3,2,9,54,180922,5560,124,67,1,8,321.8588488101959,"{""44b6"": 0.9209578729343467, ""6bba"": 0.9680813600662586}",{}
cx10,0.9340604299821533,0.21428571428571427,0.9554890014107248,3,2,9,54,180922,5560,124,67,1,8,326.3018374443054,"{""44b6"": 0.9209578729343467, ""6bba"": 0.9680813600662586}","{""COUNT_EXCESS_FRAC"": 0.1}"
seg_cx,0.9339231266222393,0.21428571428571427,0.9553516980508108,3,2,9,55,180819,5559,124,68,1,8,323.5605492591858,"{""44b6"": 0.9209620874979462, ""6bba"": 0.9678936156291086}","{""COUNT_EXCESS_FRAC"": 0.06, ""SEG_PRUNE_MAX_LEN"": 4, ""SEG_PRUNE_MIN_PROB"": 0.35}"
cx06,0.9339220191611294,0.21428571428571427,0.9553505905897008,3,2,9,55,180824,5559,124,68,1,8,327.0085554122925,"{""44b6"": 0.9209578729343467, ""6bba"": 0.9678936156291086}","{""COUNT_EXCESS_FRAC"": 0.06}"
